word,count,word1,word2,word3,word4,word5
和,2086,支气管结核(细菌学和组织学证实),声带结核(细菌学和组织学证实),气管结核(细菌学和组织学证实),喉结核(细菌学和组织学证实),肺门淋巴结结核(细菌学和组织学证实)
的,1255,人类免疫缺陷病毒[HIV]相关的消瘦综合征,软腭的鼻咽后面恶性肿瘤,舌尖及侧缘的恶性肿瘤,HIV感染的不典型皮肤淋巴细胞增生性疾病,艾滋病相关的脑病
后,1146,脑膜炎球菌感染后关节炎,结核性脊柱后凸,带状疱疹后坐骨神经痛,腹膜后淋巴结结核,带状疱疹后三叉神经痛
[,602,肺阿米巴病[阿米巴肺脓肿],结核性肺炎[干酪性肺炎],假膜性肠炎[难辨梭状芽孢杆菌肠炎],肝阿米巴病[阿米巴肝脓肿],肺结核球[肺结核瘤]
],602,肺阿米巴病[阿米巴肺脓肿],结核性肺炎[干酪性肺炎],假膜性肠炎[难辨梭状芽孢杆菌肠炎],肝阿米巴病[阿米巴肝脓肿],肺结核球[肺结核瘤]
-,525,阿盖尔-罗伯逊现象,克-雅病,复发型斑疹伤寒[Brill-Zinsser病],鸟-胞内复合分枝杆菌感染,华-弗综合征[Waterhouse-Friderichsen综合征]
，,492,肺干酪性结核，痰镜检（+）,结核性肺纤维变性，痰镜检（+）,肺结核，痰镜检（+）,肺结核瘤，痰镜检（+）,大肠杆菌感染，未指明部位
(,463,肺结核(仅痰涂片证实),肺结核(痰涂片及培养均证实),"继发性肺结核(初治,单耐药)涂阳培阳","继发性肺结核(初治,单耐药)涂阴培阳",肺结核(显微镜检证实)
),462,肺结核(仅痰涂片证实),肺结核(痰涂片及培养均证实),"继发性肺结核(初治,单耐药)涂阳培阳","继发性肺结核(初治,单耐药)涂阴培阳",肺结核(显微镜检证实)
内,329,眼内恶性肿瘤,唇内面颊侧面恶性肿瘤,眶内恶性肿瘤,鸟-胞内复合分枝杆菌感染,内眦恶性肿瘤
下,307,下颌下腺结核,流行性腮腺炎并发下颌下腺炎,膈下结核性脓肿,下唇系带恶性肿瘤,颏下淋巴结结核
反应,290,梅毒血清反应阳性,反应性嗜酸粒细胞增多,类白血病样反应,反应性低血糖症[餐后低血糖症],过度惊吓反应症
引起,284,肿瘤引起的脑积水,肿瘤引起的骨折,肿瘤引起的变形性骨炎,多发性骨髓瘤引起的变形性骨炎,多发性骨髓瘤引起的肾小球疾患
、,268,妊娠合并内分泌、营养和代谢疾病,产褥期内分泌、营养和代谢疾病,分娩合并内分泌、营养和代谢疾病,由于脑部疾病、损害和功能障碍引起的器质性人格和行为障碍,妊娠合并先天性畸形、变形和染色体异常
不,249,不动杆菌感染,不全性带状疱疹,HIV感染的不典型皮肤淋巴细胞增生性疾病,不动杆菌属性败血症,难治性贫血不伴有铁粒幼细胞
与,239,与归类在他处的障碍或疾病有关的心理和行为因素,与慢性炎症相关弥漫大B细胞淋巴瘤,与产褥期有关的轻度精神和行为障碍,与精神发育迟滞和刻板动作有关的多动障碍,与产褥期有关的重度精神和行为障碍
形成,223,化脓性乙状窦血栓形成,因子Ⅷ抗体形成,化脓性失状窦血栓形成,化脓性直窦血栓形成,垂体瘢痕形成
有关,222,与归类在他处的障碍或疾病有关的心理和行为因素,与产褥期有关的轻度精神和行为障碍,与人工授精有关特指并发症,与精神发育迟滞和刻板动作有关的多动障碍,与产褥期有关的重度精神和行为障碍
",",205,"继发性肺结核(初治,多耐药)涂阴培阳","继发性肺结核(初治,多耐药)涂阳培阳","继发性肺结核(初治,单耐药)涂阳培阳","继发性肺结核(初治,单耐药)涂阴培阳","继发性肺结核(初治,广泛耐药)涂阳培阳"
或,198,1型糖尿病性黑棘皮症或血脂障碍或高胰岛素血症或肥胖症,糖尿病性黑棘皮症或血脂障碍或高胰岛素血症或肥胖症,普通变异型免疫缺陷伴对B或T细胞的自身抗体,重症联合免疫缺陷伴低或正常数量的B细胞,2型糖尿病性黑棘皮症或血脂障碍或高胰岛素血症或肥胖症
1,197,补体1酯酶抑制剂缺乏,淋巴细胞功能相关抗原-1缺陷,滤泡性非霍奇金淋巴瘤1级,1型糖尿病性高血糖状态昏迷,1型糖尿病性高渗性高血糖状态昏迷
周围,195,肾上腺周围组织恶性肿瘤,法特壶腹周围恶性肿瘤,周围淋巴结结核,直肠周围周围神经和自主神经恶性肿瘤,肛门周围尖锐湿疣
2,177,2型糖尿病性高血糖状态昏迷,2型糖尿病性高渗性高血糖状态昏迷,2型糖尿病性酮症酸中毒并昏迷,滤泡性非霍奇金淋巴瘤2级,2型糖尿病性低血糖昏迷
多,166,"继发性肺结核(初治,多耐药)涂阴培阳","继发性肺结核(初治,多耐药)涂阳培阳","支气管结核(初治,多耐药)涂阳培阳","继发性肺结核(复治,多耐药)涂阴培阳","继发性肺结核(复治,多耐药)涂阳培阳"
（,159,肺干酪性结核，痰镜检（+）,结核性肺纤维变性，痰镜检（+）,肺结核，痰镜检（+）,肺结核瘤，痰镜检（+）,结核性肺炎，痰镜检（+）
）,158,肺干酪性结核，痰镜检（+）,结核性肺纤维变性，痰镜检（+）,肺结核，痰镜检（+）,肺结核瘤，痰镜检（+）,结核性肺炎，痰镜检（+）
个人,151,嗅觉和味觉问题个人史,恶性肿瘤个人史,听觉问题个人史,严重急性呼吸综合征个人史,视力问题个人史
上,146,锁骨上淋巴结结核,乳腺中上象限恶性肿瘤,上唇系带恶性肿瘤,上牙龈恶性肿瘤,右肺上叶恶性肿瘤
在,143,与归类在他处的障碍或疾病有关的心理和行为因素,早产胎膜早破(在24小时之内产程开始),足月胎膜早破(在24小时之内产程开始),早产胎膜早破(在1-7天内产程开始),足月胎膜早破(在1-7天内产程开始)
小,121,沙门菌小肠炎,小唾液腺恶性肿瘤,急性小肠炎,病毒性小肠炎,黑色小孢子菌病
所,112,用钝器所击打的依法处置,枪弹和弹片所引起的战争损伤,由于手枪所引起的战争损伤,水中武器爆炸所引起的战争损伤,由于气枪所引起的战争损伤
于,109,附加于痴呆的谵妄,非附加于痴呆的谵妄,右心室衰竭(继发于左心衰竭),通常起病于童年和少年期的行为与情绪障碍,继发于蛋白质-热能营养不良的发育迟缓
问题,108,对生活周期转换的适应问题,避孕问题,生育问题,由于社会问题引起的高危妊娠监督,与无家可归有关的问题
为,102,"双相情感障碍,目前为轻度抑郁发作","双相情感障碍,目前为轻躁狂发作","双相情感障碍,目前为伴有精神病性症状的躁狂发作","双相情感障碍,目前为不伴有精神病性症状的躁狂发作",肺结核(细菌学和组织学检查为阴性)
无,99,人粒细胞无形体病,病毒性肝炎甲型急性无黄疸型,脊髓灰质炎无瘫痪型,病毒性肝炎乙型急性无黄疸型,病毒性肝炎乙型丁型急性无黄疸型
+,97,原发性皮肤CD30+间变性大细胞淋巴瘤,原发皮肤侵袭性嗜表皮CD8+T细胞淋巴瘤,ALK+大B细胞淋巴瘤,原发皮肤CD30+T细胞淋巴增殖性疾病,原发皮肤CD4+小/中多形性T细胞淋巴瘤
见,97,血液化学异常所见,尿微生物学检查异常所见,血液化学特指异常所见,特指血清免疫学异常所见,血清免疫学异常所见
大,94,大血管恶性肿瘤,大网膜继发恶性肿瘤,大阴唇恶性肿瘤,结核性大咯血,大唾液腺恶性肿瘤
部分,89,舌活动部分恶性肿瘤,部分性脂肪营养不良,"先天性共济失调,精神发育迟缓及部分无虹膜",急性粒细胞性白血病部分分化型伴缓解(M2型),急性粒细胞性白血病部分分化型(M2型)
及,88,肺结核(痰涂片及培养均证实),舌根和咽部及喉部恶性肿瘤,舌下腺及舌根恶性肿瘤,舌根及咽部恶性肿瘤,口腔及咽部恶性肿瘤
具有,83,具有子宫内避孕装置的妊娠,具有流产史的妊娠监督,具有子宫内避孕器的孕产妇医疗,具有不孕症史者的妊娠监督,具有水泡状胎块史的妊娠监督
被,73,脾被膜撕裂,行人被机动车辆碰撞的交通事故,肾被膜积液,行人被火车碰伤,骑手或乘员与被驱赶的牲畜的碰撞
/,72,T淋巴母细胞白血病/淋巴瘤,富T细胞/富组织细胞大B细胞淋巴瘤,B淋巴母细胞性白血病/淋巴瘤,原发皮肤CD4+小/中多形性T细胞淋巴瘤,结外NK/T细胞淋巴瘤(鼻型)
特殊,68,肠道传染病的特殊筛查,胃部肿瘤的特殊筛查,雅司病的特殊筛查,原发皮肤外周T细胞淋巴瘤(非特殊类型),呼吸道结核的特殊筛查
管,68,幽门管恶性肿瘤,肝胆管恶性肿瘤,肝胆管交界性肿瘤,胆囊管恶性肿瘤,女性沃尔夫管恶性肿瘤
完全,65,单侧完全声带麻痹,双侧不完全声带麻痹,单侧完全喉麻痹,单侧不完全喉麻痹,单侧不完全声带麻痹
其他,64,原发皮肤弥漫性大B细胞淋巴瘤(其他型),其他兴奋剂(包括咖啡因)的有害使用,其他兴奋剂急性中毒,其他兴奋剂(包括咖啡因)戒断状态,其他兴奋剂(包括咖啡因)依赖综合征
用,53,用手枪发射方式故意自害,在游泳池中用淹溺和沉没方式故意自害,接触松土用农耕器具,在浴室浴盆中用淹溺和沉没方式故意自害,在自然水域中用淹溺和沉没方式故意自害
进行,46,用杀虫剂进行加害,植物类养料和肥料进行加害,用气体和蒸气进行加害,铊进行加害,用腐蚀性物质进行加害
单,45,"继发性肺结核(初治,单耐药)涂阳培阳","继发性肺结核(初治,单耐药)涂阴培阳","继发性肺结核(复治,单耐药)涂阳培阳","支气管结核(初治,单耐药)涂阳培阳","继发性肺结核(复治,单耐药)涂阴培阳"
使用,44,可卡因的有害使用,酒精的有害使用,镇静剂或催眠剂的有害使用,大麻类物质的有害使用,阿片类药有害使用
单纯,42,唇部单纯疱疹,耳部单纯疱疹HSV-Ⅱ型,单纯疱疹病毒性水疱皮炎,面部单纯疱疹,唇部单纯疱疹HSV-Ⅱ型
由于,40,由于脑部疾病、损害和功能障碍引起的器质性人格和行为障碍,由于心理原因渲染的躯体症状,由于枕头压迫导致窒息,由于肾功能损害引起的痛风,由于脑损害和功能障碍及躯体疾病引起的精神障碍
采取,39,仅为抗伤寒-副伤寒采取必要的免疫,仅为抗百日咳采取必要的免疫,仅为抗破伤风采取必要的免疫,仅为抗霍乱采取必要的免疫,为抗结核病采取必要的免疫
不足,39,视网膜动脉供血不足,冠状动脉供血不足,操作后血内胰岛素不足,慢性冠状动脉供血不足,急性冠状动脉供血不足
自身,39,自身免疫性溶血性贫血(冷型),自身免疫性溶血性贫血,药物性自身免疫性溶血性贫血,自身免疫性溶血性贫血(温型),药物性非自身免疫性溶血性贫血
必要,39,仅为抗伤寒-副伤寒采取必要的免疫,仅为抗破伤风采取必要的免疫,未用必要的药物或药剂,仅为抗霍乱采取必要的免疫,为抗结核病采取必要的免疫
行为,39,与归类在他处的障碍或疾病有关的心理和行为因素,"中度精神发育迟滞,无或轻微的行为缺陷","轻度精神发育迟滞,无或轻微的行为缺陷","轻度精神发育迟滞,显著的行为缺陷,需要加以关注或治疗","中度精神发育迟滞,显著的行为缺陷,需要加以关注或治疗"
并,38,并殖吸虫病[肺吸虫病],1型糖尿病性酮症酸中毒和乳酸性酸中毒并昏迷,皮下组织并殖吸虫病,1型糖尿病性酮症酸中毒并昏迷,1型糖尿病性乳酸性酸中毒并昏迷
A,37,维生素A缺乏伴角膜干燥症,维生素A缺乏伴角膜溃疡和干燥症,A族链球菌败血症,维生素A缺乏伴结膜干燥症,维生素A缺乏伴比托斑点及结膜干燥症
目前,36,"双相情感障碍,目前为轻度抑郁发作","双相情感障碍,目前为轻躁狂发作","双相情感障碍,目前为伴有精神病性症状的躁狂发作","双相情感障碍,目前为不伴有躯体症状的轻度抑郁发作","双相情感障碍,目前为不伴有精神病性症状的躁狂发作"
致,36,一氧化碳中毒致人格和行为障碍,白血病致肾小管间质疾患伴缓解,白血病致肾小管间质疾患,A.P.C中毒致精神障碍,疾病致继发性铁粒幼细胞贫血
半,33,先天性髋关节半脱位,先天性桡骨小头半脱位,先天性双侧髋关节半脱位,先天性单侧髋关节半脱位,阵挛性半面痉挛
从,33,从飞行器上跌落,从轮椅上跌落,从椅子上跌落,从床上跌落,从运动场攀爬设施上跌落
及其,33,铁及其化合物中毒,雄激素类及其促组成代谢的同类药中毒,甲状腺激素及其衍生物中毒,糖皮质激素类及其合成的类似物中毒,盐皮质激素类及其拮抗剂中毒
经,32,经导管主动脉瓣植入术后再狭窄,经前期紧张综合征,有典型先兆的偏头痛[经典型偏头痛],经典型霍奇金淋巴瘤,经导管主动脉瓣植入术后关闭不全
三,31,脂酶(三酰基甘油脂酶)异常,新生儿三房室传导阻滞,三分支传导阻滞,三胎儿,三硝基甲苯性白内障
突出,31,胸椎间盘突出伴脊髓病,颈椎间盘突出,角膜突出,眼球突出,腰椎间盘突出伴脊髓病
者,30,海水浴者皮疹,习惯性流产者的妊娠,游泳者耳病,翻晒干草者肺,饲鸽者肺
跟,30,足跟瘢痕,足跟感染性窦道,跟骨良性肿瘤,跟骨恶性肿瘤,跟骨结核
对,29,手和对侧臂创伤性切断,原因不明的镇癫痫药、镇静-催眠剂、抗震颤麻痹药和对精神有影响的药物的中毒,手术对胎儿损害的孕产妇医疗,对半甲,对精神有影响的药物中毒
主要,28,主要组织相容性复合体一级缺乏,特指主要性传播疾病,主要组织相容性复合体二级缺乏,主要为性传播模式的特指感染并发于妊娠、分娩和产褥期,颌大小的主要畸形
广泛,26,"继发性肺结核(初治,广泛耐药)涂阴培阳","继发性肺结核(复治,广泛耐药)涂阴培阳","继发性肺结核(复治,广泛耐药)涂阳培阳","支气管结核(初治,广泛耐药)涂阳培阳","继发性肺结核(初治,广泛耐药)涂阳培阳"
正常,25,甲状腺功能正常的病态综合征,正常钾型周期性瘫痪[正常血钾性周期性麻痹],重症联合免疫缺陷伴低或正常数量的B细胞,低压性青光眼[正常眼压性青光眼],正常压力脑积水
同一,24,在同一平面上绊倒(家中),在同一平面上滑倒(居住的公共场所),在同一平面上摔倒(家中),在同一平面上滑倒(家中),在同一平面上跌倒(家中)
Ⅲ,24,错合畸形安氏Ⅲ类,子宫脱垂Ⅲ度,Ⅲ度压疮,错合畸形骨性Ⅲ类,心功能Ⅱ--Ⅲ级(NYHA分级)
重复,24,食管重复畸形,胃重复畸形,十二指肠重复畸形,肠重复,肠重复畸形
造成,21,由于低氧症造成,机器造成的事故,动物咬伤或造成损伤,由于快速潜水造成高气压,人类免疫缺陷病毒[HIV]病造成特指细菌感染
带,21,神经痛性肌萎缩[肩胛带神经炎],髂胫带综合征,喉室带恶性肿瘤,喉室带囊肿,分水岭脑梗死[边缘带脑梗死]
有,21,有髓鞘神经纤维,有先兆急性发作的偏头痛,有典型先兆的偏头痛[经典型偏头痛],有迁延性先兆的偏头痛,对精神有影响的药物中毒
巨大,20,巨大儿引起胎盆不称,青春期巨大乳房,巨大裂孔性视网膜脱离,窦组织细胞增多伴巨大淋巴结病[Rosai-Dorfman病],颅内巨大动脉瘤
为主,20,淋巴细胞为主型霍奇金淋巴瘤,以妄想为主的急性精神病性障碍,结节性淋巴细胞为主型霍奇金淋巴瘤,"以妄想为主的急性精神病性障碍,不伴急性应激反应",抗体缺陷为主的免疫缺陷
％,20,身体体表10～19％烧伤,身体体表30～39％烧伤,身体体表20～29％烧伤,身体体表<10％烧伤,身体体表40～49％烧伤
故意,19,用手枪发射方式故意自害,用小口径步枪发射方式故意自害,在游泳池中用淹溺和沉没方式故意自害,在浴室浴盆中用淹溺和沉没方式故意自害,在自然水域中用淹溺和沉没方式故意自害
等,18,在同一平面上绊倒(学校、其他机构等),后天性肢体长度不等,在同一平面上滑倒(学校、其他机构等),等孢球虫病,在同一平面上跌倒(学校、其他机构等)
再,18,急性下壁高侧壁正后壁再发心肌梗死,急性下壁正后壁再发心肌梗死,急性下后壁再发心肌梗死,急性正后壁再发心肌梗死,急性下壁侧壁正后壁再发心肌梗死
显著,17,伴环形铁粒幼红细胞的难治性贫血合并血小板显著增多,普通变异型免疫缺陷伴显著的免疫调节的T细胞疾患,普通变异型免疫缺陷伴显著的B细胞数量和功能异常,伴环形铁粒幼红细胞的难治性贫血合并血小板显著增多伴缓解,"轻度精神发育迟滞,显著的行为缺陷,需要加以关注或治疗"
人,17,人粒细胞无形体病,人乳头瘤病毒感染,人感染猪链球菌病,人苍白杆菌菌血症,人毛滴虫病
常,17,常染色体隐性无丙种球蛋白血症(瑞士型),常染色体隐性遗传性多囊肾病,常染色体显性遗传朊蛋白病,常染色体显性小脑共济失调,常染色体隐性遗传性共济失调
过,17,老年性白内障(过熟期),胰腺内分泌细胞增生伴胰升糖素过多,新生儿脐带过短,分娩伴脐带过短,阴道入口过紧
不能,16,骨髓增生异常性/骨髓增殖性肿瘤(不能分型),介于弥漫大B细胞淋巴瘤和经典霍奇金淋巴瘤之间B细胞淋巴瘤(不能分类),不能分型的骨髓异常增生综合征,介于弥漫大B细胞淋巴瘤和伯基特淋巴瘤之间B细胞淋巴瘤(不能分类),慢性骨髓增殖性疾病(不能分型)
需要,16,"精神发育迟滞,显著的行为缺陷,需要加以关注或治疗","重度精神发育迟滞,显著的行为缺陷,需要加以关注或治疗","极重度精神发育迟滞,显著的行为缺陷,需要加以关注或治疗","轻度精神发育迟滞,显著的行为缺陷,需要加以关注或治疗","中度精神发育迟滞,显著的行为缺陷,需要加以关注或治疗"
仅,15,肺结核(仅痰涂片证实),仅为抗伤寒-副伤寒采取必要的免疫,肺结核(仅痰培养证实),仅为抗霍乱采取必要的免疫,仅全面性强直-阵挛发作的癫痫
扩大,15,左房扩大,心房扩大,蝶鞍扩大,心室扩大,心脏扩大
以,14,以强迫性动作[强迫仪式]为主的强迫性障碍,"以妄想为主的急性精神病性障碍,伴急性应激反应",以妄想为主的急性精神病性障碍,"以妄想为主的急性精神病性障碍,不伴急性应激反应",以强迫思维或穷思竭虑为主的强迫性障碍
－,14,劳恩－加农－莱文综合征,陶－宾综合征,眼－耳廓发育不全,冯.希佩尔－林道综合征,尼曼－皮克病
儿,14,未成熟儿(孕期小于24整周),巨大儿引起胎盆不称,巨大儿引起的梗阻性分娩,超未成熟儿,妊娠合并巨大儿
以上,13,病毒性肝炎三重感染(三重以上)(慢性中度),病毒性肝炎三重感染(三重以上)(慢性重型),病毒性肝炎三重感染(三重以上),病毒性肝炎三重感染(三重以上)(慢性重度),病毒性肝炎三重感染(三重以上)(慢性轻度)
极,13,"极重度精神发育迟滞,无或轻微的行为缺陷",流行性乙型脑炎极重型,"极重度精神发育迟滞,显著的行为缺陷,需要加以关注或治疗",极重度精神发育迟滞,极低密度脂蛋白型高脂蛋白血症
别人,13,被别人推倒(学校、其他机构等),被别人推倒(居住的公共场所),被别人撞倒(学校、其他机构等),被别人撞倒(居住的公共场所),被别人推倒(体育和运动场所)
适应,13,"适应障碍,长期的抑郁性反应",适应障碍,"适应障碍,混合性焦虑和抑郁性反应","适应障碍,短暂抑郁性反应","适应障碍,以其他情绪紊乱为主"
他,12,与归类在他处的障碍或疾病有关的心理和行为因素,复发性阿弗他溃疡,轻型阿弗他溃疡,疱疹样阿弗他溃疡,贝德纳尔阿弗他溃疡
二,12,"房间隔缺损,二孔型",还原型烟酰胺腺嘌呤二核苷酸-辅酶Q还原酶缺乏,第一、二鳃弓综合征[Goldenhar综合征],二头肌腱炎,亚氨基二苯乙烯类中毒
严重,12,严重急性呼吸综合征,严重应激反应,严重营养不良,严重酒精中毒,严重腹痛伴腹部强直
分期,12,多发性骨髓瘤(DS分期I期),多发性骨髓瘤(DS分期III期B组),多发性骨髓瘤(DS分期III期),多发性骨髓瘤(DS分期II期B组),多发性骨髓瘤(DS分期II期)
成年,12,"成年型重症肌无力,轻度全身型","成年型重症肌无力,急性重症型",成年型GM2神经节苷脂贮积症,"成年型重症肌无力,眼肌型","成年型重症肌无力,中度全身型"
纯,11,先天性纯红细胞再生障碍性贫血,短暂后天性纯红细胞再生障碍性贫血,纯红细胞再生障碍性贫血,慢性后天性纯红细胞再生障碍性贫血,纯性腺发育不全
纵,11,颈前纵韧带骨化,胸后纵韧带骨化,后纵韧带骨化,颈椎后纵韧带骨化,颈后纵韧带骨化
均,11,均小骨盆胎盆不称产妇医疗,肺结核(痰涂片及培养均证实),均小骨盆引起的梗阻性分娩,支气管结核(细菌学和组织学证实均阴性),均小骨盆引起胎盆不称
能,11,中枢作用和肾上腺素能-神经元-阻滞剂中毒,α肾上腺素能受体拮抗剂中毒,α肾上腺素能受体显效药中毒,β肾上腺素能受体显效药中毒,β肾上腺素能受体拮抗剂中毒
加以,11,"精神发育迟滞,显著的行为缺陷,需要加以关注或治疗","重度精神发育迟滞,显著的行为缺陷,需要加以关注或治疗","极重度精神发育迟滞,显著的行为缺陷,需要加以关注或治疗","轻度精神发育迟滞,显著的行为缺陷,需要加以关注或治疗","中度精神发育迟滞,显著的行为缺陷,需要加以关注或治疗"
白,11,糖尿病性大量白蛋白尿,白点状视网膜营养障碍,2型糖尿病性大量白蛋白尿,白睫毛,1型糖尿病性大量白蛋白尿
企图,10,企图流产失败,企图植入胚在胚胎转移中企图植入胚胎的并发症胎并发症,自杀企图史,企图流产失败并发生殖道和盆腔感染,试管内受精后企图植入受精卵的并发症
进入,10,异物进入食道,异物进入眼,异物进入耳,通过自然腔口进入的异物效应的后遗症,异物进入自然腔口
使,10,用啰唆和详细叙述语言使交往理由含糊不清,治疗使产程延迟的胎膜早破,因信仰或群体压力使病人决定不进行操作,与分居使家庭分裂有关的问题,与离婚使家庭分裂有关的问题
而,9,特指急性而短暂的精神病性障碍,由于信仰或群体压力而使病人决定不进行操作,因医生原因而未进行操作,为体表不能接受的外貌而进行特指整形外科手术,急性而短暂的精神病性障碍
全面,9,癫痫单纯部分性发作继发全面发作,1型糖尿病性全面的水肿斑点性视网膜病,癫痫复杂部分性发作继发全面发作,2型糖尿病性全面的水肿斑点性视网膜病,糖尿病性全面的水肿斑点性视网膜病
γ,9,γ重链病,γ-球蛋白增高,γ重链病伴缓解,皮肤γδT细胞淋巴瘤,原发皮肤γδT细胞淋巴瘤
某些,8,"多胎产,某些为活产",创伤某些早期并发症后遗症,血液和造血器官的其他疾病及涉及免疫机制的某些疾病并发于妊娠、分娩和产褥期,童年时某些发育障碍特殊筛查,导致劳动能力丧失某些伤残和慢性疾病家族史
尔,8,明科夫斯基-消法尔综合征[Minkowski-Chauffard综合征],瓦尔代尔扁桃体环恶性肿瘤,里格尔异常[Rieger异常],莱特尔综合征[Reiter病],贝德纳尔阿弗他溃疡
共同,8,急性乙型肝炎，伴有δ因子(共同感染)，并伴有肝昏迷,共同动脉干瓣膜关闭不全,急性乙型肝炎，伴有δ因子(共同感染)，但不伴有肝昏迷,急性乙型肝炎，不伴有δ因子(共同感染)，但伴有肝昏迷,共同动脉干
开始,7,早产胎膜早破(在24小时之内产程开始),早产胎膜早破(在7天以后产程开始),足月胎膜早破(在24小时之内产程开始),早产胎膜早破(在1-7天内产程开始),足月胎膜早破(在1-7天内产程开始)
上下,7,先天性上下腔静脉狭窄,在上下飞行器时的人员损伤,在上下(市内有轨)电车时的人员损伤,左肺上下叶恶性肿瘤,上下腔静脉回流障碍综合征
因,7,因病人家属原因未进行操作,因医生原因而未进行操作,因禁忌症未进行操作,因病人原因未进行操作,因信仰或群体压力使病人决定不进行操作
大量,7,局灶性大脑挫伤伴大量出血,糖尿病性大量白蛋白尿,2型糖尿病性大量白蛋白尿,局灶性小脑挫伤伴大量出血,1型糖尿病性大量白蛋白尿
4,7,慢性肾脏病4期,"慢性肾脏病,4期",痉挛4级,4-氨基苯酚衍生物中毒,二甲-4-羟色胺中毒
除外,7,"植物刺激性接触性皮炎,除外食物",去除外固定装置,植物刺激性接触性皮炎，除外食物,"腐蚀性物质,除外中毒",慢性淋巴结炎，除外肠系膜
～,7,身体体表30～39％烧伤,身体体表20～29％烧伤,身体体表10～19％烧伤,身体体表40～49％烧伤,身体体表50～59％烧伤
决定,7,由于信仰使病人决定不进行免疫,由于特指原因使病人决定不进行免疫,病人决定不进行免疫,因信仰或群体压力使病人决定不进行操作,由于群体压力使病人决定不进行免疫
确定,7,意图不确定的非交通的机动车辆的碰撞,意图不确定的非交通的汽车和固定物体的碰撞,意图不确定的交通的汽车和机动车辆的碰撞,"原因不明的暴露于机动车辆的排除的气体中毒,意图不确定的",意图不确定的非交通的汽车和机动车辆的碰撞
结合,7,皮质醇结合球蛋白异常,坐骨软骨结合,甲状腺结合球蛋白异常,结合齿,良性非结合性胆红素血症[Gilbert综合征]
适当,7,促甲状腺激素不适当分泌综合征,与家庭生活不适当有关的问题,与父母的不适当压力和其他异常性质的养育有关的问题,与父母不适当压力和特指异常性质养育有关,抗利尿激素不适当分泌综合征
5,7,孕5周,"慢性肾脏病,5期",5α还原酶缺乏(伴男性假两性同体),孕<5周,5α-还原酶缺陷症
结果,7,肺功能检查异常结果,中枢神经系统功能检查异常结果,特殊感觉功能检查异常结果,周围神经系统检查异常结果,心血管功能检查异常结果
初,6,初发型劳力性心绞痛,高龄初孕妇的妊娠监督,极年轻初孕妇的妊娠监督,劳力初发型心绞痛,初发性或维持性睡眠障碍[失眠症]
一般,6,有关避孕一般咨询和指导,累及一般感觉和知觉特指症状和体征,接受权威机构要求的一般精神科检查,一般精神科检查,累及一般感觉和知觉症状和体征
.,6,A.P.C药物成瘾,冯.希佩尔－林道综合征,A.P.C中毒致精神障碍,接触大黄蜂.小黄蜂
传,6,北亚蜱传斑点热,昆士兰蜱传斑点热,蜱传斑点热,蜱传病毒性脑炎,蜱传回归热
距,6,踝距腓前韧带断裂,先天性眶距增宽症,眶距增宽症,胫距关节脱位
复杂,6,局部相关性(局灶性)(部分)症状性癫痫和伴有复杂部分发作的癫痫综合征,会阴-阴道复杂裂伤,癫痫复杂部分性发作继发全面发作,复杂部分性癫痫持续状态,癫痫复杂部分性发作
据说,6,与儿童据说受家族内成员性虐待有关,与儿童据说受家族以外人员的性虐待有关问题,与儿童据说受家族以外人员性虐待有关,与儿童据说身体被虐待有关的问题,与儿童据说受家族内成员的性虐待有关的问题
普通,6,普通变异型免疫缺陷病,普通变异型免疫缺陷伴显著的免疫调节的T细胞疾患,普通变异型免疫缺陷伴显著的B细胞数量和功能异常,普通变异型免疫缺陷伴对B或T细胞的自身抗体,普通易变型无丙球蛋白血症
第二,6,第二产程延长,第二颈椎骨折,第二产程停滞,第二跖骨幼年型骨软骨病,幼年型第二跖骨骨软骨病
由,6,由疾病继发性铁粒幼细胞贫血,由鼻进入呼吸道引起气闷,由自然和环境因素引起的事故的晚期效应,由鼻进入呼吸道引起气管受压,灾难性暴风雨和由它们引起的洪水
可,6,可遗传性肺动脉高压,可传播性海绵状脑病,先天性可回缩睾丸,依赖特指可启动机器和装置,绝经后卵巢可扪及综合征
移动,5,特指异常步态和移动,异常步态和移动,用跳入或躺倒在移动物体前的方式故意自害,用将受害者推向或放置在移动物体前进行加害,被移动物体压伤
3,5,痉挛3级,慢性肾脏病3期,高血压3级,滤泡性非霍奇金淋巴瘤3级,"慢性肾脏病,3期"
6,5,葡萄糖-6-磷酸脱氢酶缺乏性贫血,孕6周,"果糖-1,6-二磷酸缺乏",葡萄糖-6-磷酸酶缺乏
但,5,"早产儿(孕期等于或大于32整周,但小于37整周)","早产儿(孕期等于或大于28整周,但小于32整周)",急性乙型肝炎，伴有δ因子(共同感染)，但不伴有肝昏迷,急性乙型肝炎，不伴有δ因子(共同感染)，但伴有肝昏迷,"未成熟儿(孕期等于或大于24整周以上,但小于28整周)"
应用,5,真空吸引器和产钳应用失败,适当应用正确药物或药剂的有害效应引起的过敏性休克,真空吸引器应用失败,牙科药物中毒，局部应用,产钳应用失败
',5,Waardenburg's综合征,hellp's综合征,原因不明的'接触皮下的注射器及针,Schwartz's综合征,惠普尔病（Whipple's）
阿,5,阿盖尔-罗伯逊现象,阿-斯综合征[Stokes-Adams综合征],阿-基综合征,阿-罗氏瞳孔,阿-斯综合征
去,5,持续性植物状态[大脑去皮质状态],去脑强直,去除外固定装置,去大脑强直,去痛药药物反应
另,5,创伤性一只足和另一小腿切断,单眼盲伴另一眼视力低下,创伤性一只手和另一臂切断,双胎之另一胎儿脐带断端所致胎儿失血,单眼盲， 另一眼视力低下
同,5,同型半胱氨酸尿症,同血缘家族史,同心性硬化,同向性注视麻痹
准备,5,为随后治疗准备医疗,自体血准备,随后治疗的准备医疗,透析的准备性医疗,透析准备性医疗
随后,5,特指部位随后性心肌梗死,为随后治疗准备医疗,前壁随后性心肌梗死,随后治疗的准备医疗,下壁随后性心肌梗死
通常,4,血中发现通常不出现物质,通常起病于童年和少年期的行为与情绪障碍,通常在童年和青少年期发病的特指的行为和情绪障碍,血中发现通常不出现特指物质
出,4,钩端螺旋体病黄疸出血型,新生儿维生素K缺乏性出血症,黄疸出血型钩端螺旋体病,蛛网膜下腔出血并玻璃体出血症[Terson综合征]
地,4,地卡因药物反应,地图样舌,地霉病,医疗中病人被疏忽地暴露于辐射线
弗,4,鲁塞尔-西尔弗综合征,鲁塞尔-西尔弗综合征[Russell-Silver综合征],沃-弗综合征,华-弗综合征[Waterhouse-Friderichsen综合征]
光,4,药物光变应性反应,恶性肿瘤光动力治疗,药物光毒性反应,光接触性皮炎
到,4,终止妊娠影响到胎儿和新生儿,从地下到地面的气压下降,撞到别人或意外被别人碰撞,子宫内操作并发症影响到胎儿
存在,4,大腿和小腿先天性缺如伴足存在,血中存在酒精,血循环中抗凝物质存在,先天性上肢缺如伴手存在
出现,4,血中发现通常不出现物质,血中发现通常不出现特指物质,仅出现于前中期缺失,仅出现于前中期的重复
7,4,早产胎膜早破(在7天以后产程开始),孕7周,早产胎膜早破(在1-7天内产程开始),足月胎膜早破(在1-7天内产程开始)
明确,4,特指原因不明确死亡,特指不明确心脏病,特指不明确部位的恶性肿瘤,不明确部位交搭跨越恶性肿瘤
中间,4,中间型地中海贫血,近瘤型中间型麻风,中间界线类麻风
绝对,4,绝对素食者的贫血,绝对素食者贫血,绝对期青光眼
任何,4,酸引起烧伤(任何种类),内部固定装置任何部位引起感染和炎症性反应,双臂创伤性切断[任何水平],双小腿创伤性切断[任何水平]
再次,3,避孕装置的再次指导,在保健机构再次开处方,避孕药的再次指导
近,3,面和颈近中囊肿,近乳头性脉络膜视网膜炎
自,3,自母体传给或新生儿服用药物或毒素引起的新生儿黄疸,自高处坠落,自服毒史
来,3,来苏中毒,来苏意外中毒
那,3,基萨那[凯萨努]森林病,丁胺卡那中毒,鲁米那药物反应
便,3,脓血便,便潜血,粘液便
极度,3,极度肥胖伴低通气综合征,极度不成熟儿,极度肥胖症伴有小泡性肺换气不足
前面,3,会厌前面恶性肿瘤,会厌前面良性肿瘤
帮助,3,与在家需要帮助且无特指家庭成员能够给予照顾有关,由于活动能力降低而需要帮助,与需要人员帮助和照顾有关
不可,3,与产褥期有关的重度精神和行为障碍，不可归类在他处者,不可吸收缝线并发症,不可吸收性手术材料引起的机械性并发症
一个,3,一个或多个胎儿流产后继续妊娠,一个或多个胎儿宫内死亡后继续妊娠,多胎妊娠伴一个或多个胎儿先露异常产妇的医疗
／,3,异源嵌合体46XX／46XY,同源嵌合体45X／特指细胞系,同源嵌合体45X／46XX或XY
一,3,双胎之另一胎儿脐带断端所致胎儿失血,创伤性一只足和另一小腿切断,一过性意识丧失
他人,3,代表他人咨询的人,被他人挽扶时跌倒,被他人运送时跌倒
奇,3,斯特奇－卡利舍－韦伯综合征,奇静脉损伤
这些,2,寻求和接受躯体、营养和化学性干预措施，这些措施已知是危险和有害,寻求和接受行为和心理上干预措施，这些措施已知是危险和有害
介于,2,介于弥漫大B细胞淋巴瘤和经典霍奇金淋巴瘤之间B细胞淋巴瘤(不能分类),介于弥漫大B细胞淋巴瘤和伯基特淋巴瘤之间B细胞淋巴瘤(不能分类)
μ,2,μ重链病伴缓解,μ重链病
以下,2,累及体表10％以下腐蚀伤,超低出生体重儿(499g以下)
比,2,劳-穆-比综合征[Laurence-Moon-Biedl],比耶鲁姆暗点
独自,2,与独自生活有关,与独自生活有关的问题
可能,2,血中发现特指可能成瘾药物,器官和组织可能供者接受检查
以外,2,与儿童据说受家族以外人员的性虐待有关问题,与儿童据说受家族以外人员性虐待有关
明显,2,临床症状不明显[亚临床]的碘缺乏性甲状腺功能减退症,多疑和明显逃避
通过,2,通过自然腔口进入异物效应后遗症,通过自然腔口进入的异物效应的后遗症
四,2,四氯乙烯中毒,四氯乙烯毒性效应
极端,2,与极端贫穷有关,职业性暴露于极端温度
后面,2,会厌后面(喉面)恶性肿瘤,软腭的鼻咽后面恶性肿瘤
<,2,孕<5周,身体体表<10％烧伤
注意,2,半侧注意不能,注意缺陷与多动障碍
定,2,可乐定中毒
达到,2,未达到特指预期正常生理发育水平,未达到预期正常生理发育水平
哈,2,哈特纳普病
前后,2,阴道前后壁脱垂
【,2,皮肤和指【趾】甲念珠菌病,强直性骨肥厚【福雷斯蒂尔】
除,2,插入或取除其他导管或器械不当,除朗格汉斯细胞外的单核吞噬细胞的组织细胞增多症
是,2,寻求和接受躯体、营养和化学性干预措施，这些措施已知是危险和有害,寻求和接受行为和心理上干预措施，这些措施已知是危险和有害
下面,2,咽下面恶性肿瘤,杓状会厌褶咽下面恶性肿瘤
即刻,2,特指即刻产后出血,产后即刻医疗照顾和检查
上升,2,血压值上升,小脑幕孔上升疝
维持,2,恶性肿瘤终末期维持治疗,维持避孕的常规检查
凡,2,布拉克凡-戴蒙德综合征[Blackfan-Diamong综合征],布拉克凡-戴蒙德综合征
失去,2,与童年时失去所爱亲属有关的问题,与童年时失去所爱亲属有关
之,2,双胎之另一胎儿脐带断端所致胎儿失血,食管内异位之胃粘膜
行动,2,飞行器被破坏的作战行动,作战行动的后遗症
继续,2,一个或多个胎儿流产后继续妊娠,一个或多个胎儿宫内死亡后继续妊娠
突然,2,突然视力丧失
】,2,皮肤和指【趾】甲念珠菌病,强直性骨肥厚【福雷斯蒂尔】
当,2,埃勒斯-当洛斯综合征,埃勒斯-当洛斯综合征[Ehlers-Danlos综合征]
保险,2,为保险目的接受检查,为保险目的接受的检查
其它,2,被其它特指人员忽视照料和遗弃,其它化学物质引起的中毒性肾病
获得,2,社区获得性肺炎，非重症,社区获得性肺炎，重症
以后,2,早产胎膜早破(在7天以后产程开始),产程和分娩期间或以后休克
代替,2,视觉代替装置,听觉代替装置
组成,2,雄激素类及其促组成代谢同类药中毒,雄激素类及其促组成代谢的同类药中毒
?,2,?动脉粥样硬化,小汗腺血管错构瘤?
给,2,无其他家庭成员给于照顾者,输液时液体给错
·,2,冯·维勒布兰德病,冯·雷克林豪森病
会,2,会阴炎性包块
宁,2,士的宁及其盐类中毒,鼻炎宁冲剂过敏个人史
防止,2,防止妊娠
可见,2,可见性蠕动,可见性肠蠕动
比较,2,临床研究中正常比较对照检查,为临床研究项目的正常比较和对照接受的检查
活,1,活组织检查后的孕产妇医疗
。,1,特指复发性寰枢椎不完全性脱位。
>,1,孕>42周
8,1,孕8周
己,1,己糖激酶缺乏性贫血
迅速,1,儿童迅速生长期检查
根据,1,仅根据涉及体表范围分类烧伤和腐蚀伤后遗症
全部,1,全部(外部)眼肌麻痹
任务,1,任务特异性震颤
将,1,用将受害者推向或放置在移动物体前进行加害
六,1,先天性第五六脑室
不同,1,同源嵌合体细胞系伴不同数量的X染色体
别,1,劳伦斯－穆恩（－巴尔得）－别德尔综合征
对待,1,依法粗暴对待
离,1,离心性环形红斑
能够,1,与在家需要帮助且无特指家庭成员能够给予照顾有关
9,1,孕9周
并非,1,谵妄，描述为并非附加于痴呆的
依,1,依木兰药物反应
—,1,巴德—基亚里综合征
各种,1,原因不明的胶和各种粘贴剂中毒
重新,1,重新放置子宫内避孕装置
转变,1,低前转变素血症
同时,1,同时借助产钳和真空吸引器的单胎分娩
五,1,五氟利多中毒
相似,1,心脏兴奋甙和相似作用药中毒
多次,1,具有多次人工流产史妊娠
全年,1,全年性变应性鼻炎
既往,1,既往绝育术后输卵管或输精管成形术
吗,1,噻吗心安药物反应
好,1,好鸟者肺
完成,1,与得不到和未完成教育有关
且,1,与在家需要帮助且无特指家庭成员能够给予照顾有关
关于,1,关于生育的一般性咨询和指导
得,1,劳伦斯－穆恩（－巴尔得）－别德尔综合征
个别,1,个别乳磨牙早失
大多,1,大多角骨骨折
　,1,中毒性肝病伴肝坏死　
对应,1,异常视网膜对应
高低,1,高低密度脂蛋白胆固醇血症
来源,1,接触其他来源的蒸汽和热蒸气
要求,1,接受权威机构要求的一般精神科检查
以前,1,以前创伤引起骨坏死
成为,1,与感觉成为不良歧视和迫害目标有关
也,1,急性乙型肝炎，不伴有δ因子(共同感染)，也不伴有肝昏迷急性乙型病毒性肝炎
相对,1,相对头盆不称引起的梗阻性分娩
它们,1,灾难性暴风雨和由它们引起的洪水
若,1,若西欧病毒病
已,1,发现时已死亡
0,1,痉挛0级
作为,1,心房、心耳和心室的血栓形成作为急性心肌梗死后的近期并发症
上面,1,软腭的鼻咽上面恶性肿瘤
..,1,麻疹伴肠道并发症..
眨眼,1,眨眼症
＋,1,大细胞(ki-1＋)淋巴瘤
范围,1,仅根据涉及体表范围分类烧伤和腐蚀伤后遗症
